ADP;Alliance of Small Island States;15 March 2013;http://unfccc.int/files/documentation/submissions_from_parties/adp/application/pdf/adp_aosis_workstream_1_20130315.pdf;Submission by the Republic of Nauru on behalf of the Alliance of Small Island States (AOSIS)
ADP;Bangladesh, Cameroon, Costa Rica, Dominica, Dominican Republic, Gabon, Guyana, Honduras, Kenya, Nigeria, Papua New Guinea, Republic of Congo, and Uganda;13 March 2013;http://unfccc.int/files/documentation/submissions_from_parties/adp/application/pdf/adp_submission_by_13_countries_workstream_1_and_2_20130313.pdf;Submission of views by Bangladesh, Cameroon, Costa Rica, Dominica, Dominican Republic, Gabon, Guyana, Honduras, Kenya, Nigeria, Papua New Guinea, Republic of Congo, and Uganda
ADP;Like-Minded Developing Countries on Climate Change;13 March 2013;http://unfccc.int/files/documentation/submissions_from_parties/adp/application/pdf/adp_lmdc_workstream_1_20130313.pdf;Submission by the Like-Minded Developing Countries on Climate Change (LMDC)
ADP;Japan;12 March 2013;http://unfccc.int/files/documentation/submissions_from_parties/adp/application/pdf/adp_japan_workstream_1_20130312.pdf;Submission by Japan - Information, views and proposals on matters related to the work of Ad Hoc Working Group on the Durban Platform for Enhanced Action (ADP)
ADP;New Zealand;12 March 2013;http://unfccc.int/files/documentation/submissions_from_parties/adp/application/pdf/adp_new_zealand_workstream_1_20130312.pdf;New Zealand Submission to the Ad Hoc Working Group on the Durban Platform for Enhanced Action: Work-stream 1
ADP;United States of America;11 March 2013;http://unfccc.int/files/documentation/submissions_from_parties/adp/application/pdf/adp_usa_workstream_1_20130312.pdf;ADP Workstream 1: 2015 Agreement - Submission of the United States
ADP;Uzbekistan;11 March 2013;http://unfccc.int/files/documentation/submissions_from_parties/adp/application/pdf/adp_uzbekistan_workstream_1_20130311.pdf;Submission by Uzbekistan to the Ad Hoc Working Group on the Durban Platform for Enhanced Action - Workstream 1
ADP;India;09 March 2013;http://unfccc.int/files/documentation/submissions_from_parties/adp/application/pdf/adp_india_workstream_2_20130309.pdf;Submission by India on the work of the Ad-hoc Working Group on the Durban Platform for Enhanced Action
ADP;Norway;08 March 2013;http://unfccc.int/files/documentation/submissions_from_parties/adp/application/pdf/adp_norway_workstream_1_20130308.pdf;Views on the work of the ADP, Workstream 1
ADP;Indonesia;08 March 2013;http://unfccc.int/files/documentation/submissions_from_parties/adp/application/pdf/adp_indonesia_workstream_1_20130308.pdf;Implementation of all elements of decision 1/CP.17, (a) Matters related to paragraphs 2 to 6 (ADP)
ADP;China;05 March 2013;http://unfccc.int/files/documentation/submissions_from_parties/adp/application/pdf/adp_china_workstream_1_20130305.pdf;China's Submission on the Work of the Ad Hoc Working Group on Durban Platform for Enhanced Action
ADP;Environmental Integrity Group;04 March 2013;http://unfccc.int/files/documentation/submissions_from_parties/adp/application/pdf/adp_eig_workstream_1_20130304.pdf;Scope, design and structure of the future legally binding instrument, application of principles and ways of reflecting enhanced action of the Parties, and lessons learnt
ADP;Ecuador;03 March 2013;http://unfccc.int/files/documentation/submissions_from_parties/adp/application/pdf/adp_ecuador_workstream_1_20130301.pdf;Proposal of Ecuador, Durban Platform
ADP;Least Developed Countries Group;03 March 2013;http://unfccc.int/files/documentation/submissions_from_parties/adp/application/pdf/adp_ldc_group_workstream_1_20130303.pdf;Submission by Nepal on behalf of the Least Developed Countries Group on implementation of all the elements of decision 1/CP.17 (a) matters related to paragraphs 2 to 6 (ADP)
ADP;Independent Association for Latin America and the Caribbean (AILAC);01 March 2013;http://unfccc.int/files/documentation/submissions_from_parties/adp/application/pdf/adp_ailac_workstream1_20130301.pdf;ADP &ndash, Planning of Work in 2013
ADP;Pakistan;01 March 2013;http://unfccc.int/files/documentation/submissions_from_parties/adp/application/pdf/adp_pakistan_workstream_1_20130301.pdf;Implementation of all the elements of decision 1/CP.17, (a) Matters related to paragraphs 2 to 6 (ADP)
ADP;European Union;01 March 2013;http://unfccc.int/files/documentation/submissions_from_parties/adp/application/pdf/adp_eu_workstream_1_20130301.pdf;Implementation of all the elements of decision 1/CP. 17, (a) Matters related to paragraphs 2 to 6, (ADP)
ADP;Algeria;01 March 2013;http://unfccc.int/files/documentation/submissions_from_parties/adp/application/pdf/adp_algeria_workstream_1_20130301.pdf;Implementation of all elements of decision 1/CP.17 (a) Matters related to paragraphs 2 to 6, Submission of Algeria
ADP;Kuwait;28 February 2013;http://unfccc.int/files/documentation/submissions_from_parties/adp/application/pdf/adp_kuwait_workstreams_1_20130228.pdf;Kuwait views on the plan of work on ADP Workstreams
ADP;Belarus;27 February 2013;http://unfccc.int/files/documentation/submissions_from_parties/adp/application/pdf/adp_belarus_workstream1_20130227.pdf;Submission by Belarus including Information, ideas and proposals on the elements relating to the work of the Ad Hoc Working Group on the Durban Platform for Enhanced Action
ADP;Singapore;26 February 2013;http://unfccc.int/files/documentation/submissions_from_parties/adp/application/pdf/adp_singapore_workstream1_20130226.pdf;Submission by Singapore to the Ad Hoc Working Group on the Durban Platform for Enhanced Action - Workstream 1
ADP;Ethiopia;18 February 2013;http://unfccc.int/files/documentation/submissions_from_parties/adp/application/pdf/adp_ethiopia_workstream1_18022013.pdf;Ethiopia's Submission on Increasing the Level of Ambition at the Negotiations of the Ad Hoc Working Group on the Durban Platform for Enhanced Action towards Producing a new International Law under the Convention
ADP;Alliance of Small Island States;15 March 2013;http://unfccc.int/files/documentation/submissions_from_parties/adp/application/pdf/adp_aosis_workstream_2_20130315.pdf;Submission by the Republic of Nauru on behalf of the Alliance of Small Island States (AOSIS)
ADP;Bangladesh, Cameroon, Costa Rica, Dominica, Dominican Republic, Gabon, Guyana, Honduras, Kenya, Nigeria, Papua New Guinea, Republic of Congo, and Uganda;13 March 2013;http://unfccc.int/files/documentation/submissions_from_parties/adp/application/pdf/adp_submission_by_13_countries_workstream_1_and_2_20130313.pdf;Submission of views by Bangladesh, Cameroon, Costa Rica, Dominica, Dominican Republic, Gabon, Guyana, Honduras, Kenya, Nigeria, Papua New Guinea, Republic of Congo, and Uganda
ADP;Like-Minded Developing Countries on Climate Change;13 March 2013;http://unfccc.int/files/documentation/submissions_from_parties/adp/application/pdf/adp_lmdc_workstream_2_20130312.pdf;Submission by the Like-Minded Developing Countries on Climate Change (LMDC)
ADP;Japan;12 March 2013;http://unfccc.int/files/documentation/submissions_from_parties/adp/application/pdf/adp_japan_workstream_2_20130312.pdf;Submission by Japan - Information, views and proposals on matters related to the work of Ad Hoc Working Group on the Durban Platform for Enhanced Action (ADP)
ADP;New Zealand;12 March 2013;http://unfccc.int/files/documentation/submissions_from_parties/adp/application/pdf/adp_new_zealand_workstream_2_20130312.pdf;New Zealand Submission to the Ad Hoc Working Group on the Durban Platform for Enhanced Action: Work-stream 2
ADP;United States of America;11 March 2013;http://unfccc.int/files/documentation/submissions_from_parties/adp/application/pdf/adp_usa_workstream_2_20130312.pdf;ADP Workstream 2: Mitigation Ambition - Submission of the United States
ADP;Uzbekistan;11 March 2013;http://unfccc.int/files/documentation/submissions_from_parties/adp/application/pdf/adp_uzbekistan_workstream_2_20130311.pdf;Submission by Uzbekistan to the Ad Hoc Working Group on the Durban Platform for Enhanced Action - Workstream 2
ADP;India;09 March 2013;http://unfccc.int/files/documentation/submissions_from_parties/adp/application/pdf/adp_india_workstream_2_2030309.pdf;Submission by India on the work of the Ad-hoc Working Group on the Durban Platform for Enhanced Action
ADP;Liechtenstein, Mexico, Monaco and Switzerland;09 March 2013;http://unfccc.int/files/documentation/submissions_from_parties/adp/application/pdf/adp_liechtenstein,_mexico,_monaco_and_switzerland_workstream_2_20130309.pdf;Implementation of all the elements of decision 1/CP.17 - Matters related to paragraphs 7 and 8 (ADP)
ADP;Norway;08 March 2013;http://unfccc.int/files/documentation/submissions_from_parties/adp/application/pdf/adp_norway_workstream_2_20130308.pdf;Views on the work of the ADP, Workstream 2
ADP;Indonesia;08 March 2013;http://unfccc.int/files/documentation/submissions_from_parties/adp/application/pdf/adp_indonesia_workstream_2_20130308.pdf;Actions, initiatives and options to enhance ambition, including through the work plan on enhancing mitigation ambition, with a particular focus on 2013, including aspects indicated in paragraph 15 (a)-(c) of the ADP conclusions
ADP;China;05 March 2013;http://unfccc.int/files/documentation/submissions_from_parties/adp/application/pdf/adp_china_workstream_2_20130305.pdf;China's Submission on the Work of the Ad Hoc Working Group on Durban Platform for Enhanced Action
ADP;Ecuador;03 March 2013;http://unfccc.int/files/documentation/submissions_from_parties/adp/application/pdf/adp_ecuador_workstream2_20130301.pdf;Submission of Ecuador, Durban Platform
ADP;Least Developed Countries Group;03 March 2013;http://unfccc.int/files/documentation/submissions_from_parties/adp/application/pdf/adp_ldc_group_workstream_2_20130303.pdf;Submission by Nepal on behalf of the Least Developed Countries Group on implementation of all the elements of decision 1/CP17 (b) matters related to paragraphs 7 and 8 of the ADP
ADP;Independent Association for Latin America and the Caribbean (AILAC);01 March 2013;http://unfccc.int/files/documentation/submissions_from_parties/adp/application/pdf/adp_ailac_workstream_2_20130301.pdf;ADP &ndash, Planning of Work in 2013
ADP;Pakistan;01 March 2013;http://unfccc.int/files/documentation/submissions_from_parties/adp/application/pdf/adp_pakistan_workstream_2_20130301.pdf;Implementation of all the elements of decision 1/CP.17, (b) Matters related to paragraphs 7 &amp, 8 (ADP)
ADP;European Union;01 March 2013;http://unfccc.int/files/documentation/submissions_from_parties/adp/application/pdf/adp_eu_workstream_2_20130301_.pdf;Implementation of all the elements of decision 1/CP. 17, ( (b) Matters related to paragraphs 7 and 8. (ADP)
ADP;Algeria;01 March 2013;http://unfccc.int/files/documentation/submissions_from_parties/adp/application/pdf/adp_algeria_workstream_2_20130301.pdf;Implementation of all elements of decision 1/CP.17 (b) Matters related to paragraphs 7 &amp, 8, Submission of Algeria
ADP;Belarus;27 February 2013;http://unfccc.int/files/documentation/submissions_from_parties/adp/application/pdf/adp_belarus_workstream1_20130227.pdf;Submission by Belarus including Information, ideas and proposals on the elements relating to the work of the Ad Hoc Working Group on the Durban Platform for Enhanced Action
ADP;Ethiopia;18 February 2013;http://unfccc.int/files/documentation/submissions_from_parties/adp/application/pdf/adp_ethiopia_workstream2_18022013.pdf;Planning and Implementing Ethiopia's Climate Resilient Green Economy, a Submission to the Workstream 2 of the ADP to Contribute to the Raising of Mitigation Ambition in 2013-2020
AWG-KP;Ukraine;6 December 2012;http://unfccc.int/files/meetings/ad_hoc_working_groups/kp/application/pdf/awgkp_ukraine_qerlo_06122012.pdf;Information on the quantified emission limitation and reduction objectives of Ukraine
AWG-KP;Monaco;27 November 2012;http://unfccc.int/files/meetings/ad_hoc_working_groups/kp/application/pdf/awgkp_monaco_qelro_27112012.pdf;Submission by the Principality of Monaco
AWG-KP;Informal additional session;2 September 2012;http://unfccc.int/files/meetings/ad_hoc_working_groups/kp/application/pdf/awgkp_statement_300812.pdf;Joint opening statement on the opening plenary of the AWG-KP delivered by the Philippines
AWG-KP;African Group;7 October 2011;http://unfccc.int/files/meetings/ad_hoc_working_groups/kp/application/pdf/awgkp_africa_071011.pdf;Draft submission by the Africa Group to the AWG-KP on carry-over of surplus assigned amount units from the first to the second commitment period
AWG-KP;Belize, Cameroon, Central African Republic, Costa Rica, Cote d'Ivoire, Democratic Republic of Congo, Dominica, Dominican Republic, Ghana, Guyana, Honduras, Kenya, Panama, Papua New Guinea, Republic of Congo, Solomon Islands, Togo;3 October 2011;http://unfccc.int/files/meetings/ad_hoc_working_groups/kp/application/pdf/png_031011.pdf;axées sur les résultats aux termes de la REDD+
AWG-KP;African Group;12 December 2009;http://unfccc.int/files/kyoto_protocol/application/pdf/awgkpafricangroup141209.pdf;
AWG-LCA;Singapore;6 August 2012;http://unfccc.int/files/adaptation/application/pdf/singapore6aug12.pdf;Strengthening the Rules-Based Multilateral System to Combat Climate Change
AWG-LCA;Argentina, Bolivia, Democratic Republic of the Congo, China, Dominica, Ecuador, Egypt, El Salvador, India, Iran, Iraq, Kuwait, Malaysia, Mali, Pakistan, Philippines, Saudi Arabia, Sri Lanka, Sudan, Thailand;23 November 2012;http://unfccc.int/files/bodies/awg-lca/application/pdf/sharedvision_bolivia_231112.pdf;Draft decision on Shared Vision
AWG-LCA;Colombia;20 November 2012;http://unfccc.int/files/bodies/awg-lca/application/pdf/20121120_redd_columbia.pdf;Taking steps to facilitating the full, effective and sustained implementation of REDD+ through subnational level actions
AWG-LCA;Mozambique;29 May 2012;http://unfccc.int/files/bodies/awg-lca/application/pdf/rev2_mozambique_national_submission_on_lca_agenda_item_3biii_on_redd[1].pdf;In a communication to the secretariat dated 29 May 2012, Mozambique requested that this revised submission replace their original submission contained in FCCC/AWGLCA/2012/MISC.3/Add.3  </td> 
AWG-LCA;Bangladesh, Cameroon, Central African Republic, Congo (Republic), Costa Rica, Cote d'Ivoire, Democratic Republic of Congo, Dominica, Dominican Republic, Ecuador, Fiji, Gabon, Ghana, Guyana, Honduras, Kenya, Pakistan, Panama, Papua New Guinea, Sierra Leone, Solomon Islands, Suriname and Uganda;18 April 2012;http://unfccc.int/files/bodies/awg-lca/application/pdf/unfccc_fr_translation--svs_financing_results_based_actions__3___3__pc__frenchrev.pdf;(English version is included in <a target="_top" href="/essential_background/library/items/3599.php?such=j&amp,symbol=FCCC/AWGLCA/2012/MISC.3#beg"> FCCC/AWGLCA/2012/MISC.3
AWG-LCA;India, Argentina, African Group, China, Saudi Arabia, Qatar, Kuwait, Egypt, Algeria, Venezuela, Iraq, Thailand, Philippines, Libya, Iran, Malaysia, Indonesia, Nicaragua, Cuba, Bolivia;24 May 2012;http://unfccc.int/files/bodies/awg-lca/application/pdf/statement_india_others.pdf;Statement
COP-CMP;Philippines;9 March;http://unfccc.int/files/documentation/submissions_from_parties/application/pdf/cop_philippines_fifthreview_09032013.pdf;Submission
COP-CMP;Indonesia;8 March;http://unfccc.int/files/documentation/submissions_from_parties/application/pdf/cop_indonesia_fifthreview_08032013.pdf;Submission
COP-CMP;Pakistan;1 March 2013;http://unfccc.int/files/documentation/submissions_from_parties/application/pdf/cop_pakistan_fifthreview_01032013.pdf;Submission 
COP-CMP;Ireland and the European Commission (on behalf of the European Union and its  member States);1 March 2013;http://unfccc.int/files/documentation/submissions_from_parties/application/pdf/cop_ireland_eu_fifthreview_01032013.pdf;Submission
COP-CMP;Algeria;28 February 2013;http://unfccc.int/files/documentation/submissions_from_parties/application/pdf/cop_algeria_fifthreview_28022013.pdf;Submission
COP-CMP;United States of America;04 May 2012;http://unfccc.int/files/adaptation/application/pdf/us_fsf_2012.pdf;Submission
COP-CMP;Liechtenstein;07 May 2012;http://unfccc.int/files/adaptation/application/pdf/liechtenstein_fsf_progresss_report_2012.pdf;Submission
COP-CMP;Canada;11 May 2012;http://unfccc.int/files/adaptation/application/pdf/fast_start_finance_progress_report_canada_-_final.pdf;Submission
COP-CMP;Switzerland;16 May 2012;http://unfccc.int/files/cooperation_support/financial_mechanism/fast_start_finance/application/pdf/v7_-_fast_start_financing_ch_may_2012.pdf;Submission
COP-CMP;New Zealand;17 May 2012;http://unfccc.int/files/cooperation_support/financial_mechanism/fast_start_finance/application/pdf/nz_2012-fast-start.pdf;Submission
COP-CMP;Denmark and the European Commission (on behalf of the European Union and its member States);25 May 2012;http://unfccc.int/files/cooperation_support/financial_mechanism/fast_start_finance/application/pdf/eu_fast_start_finance_report.pdf;Annex
COP-CMP;Japan;29 May 2012;http://unfccc.int/files/cooperation_support/financial_mechanism/fast_start_finance/application/pdf/japan_fsf(feb_2012).pdf;Annex
COP-CMP;Iceland;20 July 2012;http://unfccc.int/files/cooperation_support/financial_mechanism/fast_start_finance/application/pdf/fsf_submission_iceland_220612.pdf;Submission
COP-CMP;Australia;22 August 2012;http://unfccc.int/files/cooperation_support/financial_mechanism/fast_start_finance/application/pdf/fsf_submission_australia_22082012.pdf;Submission
COP-CMP;Norway;21 November 2012;http://unfccc.int/files/cooperation_support/financial_mechanism/fast_start_finance/application/pdf/norfsf2012.pdf;Submission
COP-CMP;Philippines, Malaysia, Thailand, Saudi Arabia, India, China, Sri Lanka, Egypt, Sudan, Iraq, Iran (Islamic Republic of), El Salvador, Nicaragua, Democratic Republic of the Congo, Ecuador, Maldives and Venezuela (Bolivarian Republic of);28 November 2012;http://unfccc.int/files/bodies/cop/application/pdf/gcf_copdraft_decision.pdf;Draft decision on arrangements between the Conference of the Parties and the Green Climate Fund
COP-CMP;African States;3 December 2012;http://unfccc.int/files/documentation/submissions_from_parties/application/pdf/agn_gcf_arrangements_final.pdf;Draft decision on arrangements between the Conferenceof the Parties and the Green Climate Fund
SBI;Jamaica, United States;21 February 2013;http://unfccc.int/files/documentation/submissions_from_parties/application/pdf/jamaica_naps.pdf;pdf
SBI;Malawi;7 March 2013;http://unfccc.int/files/documentation/submissions_from_parties/application/pdf/malawi_naps.pdf;pdf
SBI;Nepal;8 February 2013;http://unfccc.int/files/documentation/submissions_from_parties/application/pdf/nepal_ldcs.pdf;pdf
SBI;Sri Lanka;18 February 2013;http://unfccc.int/files/documentation/submissions_from_parties/application/pdf/sri_lanka_naps.pdf;pdf
SBI;Belarus;27 February 2013;http://unfccc.int/files/documentation/submissions_from_parties/application/pdf/belarus_ji.pdf;pdf
SBI;Ireland on behalf of the European Union and its member States;18 February 2013;http://unfccc.int/files/documentation/submissions_from_parties/application/pdf/eu_ji.pdf;pdf
SBI;Switzerland;18 February 2013;http://unfccc.int/files/documentation/submissions_from_parties/application/pdf/switzerland_ji.pdf;pdf
SBI;Ukraine;15 February 2013;http://unfccc.int/files/documentation/submissions_from_parties/application/pdf/ukraine_ji.pdf;pdf
SBI;Algeria;18 February 2013;http://unfccc.int/files/documentation/submissions_from_parties/application/pdf/algeria_df.pdf;pdf
SBI;China;5 February 2013;http://unfccc.int/files/documentation/submissions_from_parties/application/pdf/china_cb.pdf;pdf
SBI;Ireland on behalf of the European Union and its member States;4 March 2013;http://unfccc.int/files/documentation/submissions_from_parties/application/pdf/ireland_(eu).pdf;pdf
SBI;Nauru on behalf of the Alliance of Small Island States;27 February 2013;http://unfccc.int/files/documentation/submissions_from_parties/application/pdf/aosis_cb_kp.pdf;pdf
SBI;Uzbekistan;20 February 2013;http://unfccc.int/files/documentation/submissions_from_parties/application/pdf/uzbekistan_cb.pdf;pdf
SBI;China;5 March 2013;http://unfccc.int/files/documentation/submissions_from_parties/application/pdf/china_cb.pdf;<font color="#0000FF">pdf</font>
SBI;Ireland on behalf of the European Union and its member States;4 March 2013;http://unfccc.int/files/documentation/submissions_from_parties/application/pdf/ireland_(eu).pdf;pdf
SBI;Nauru on behalf of the Alliance of Small Island States;27 February 2013;http://unfccc.int/files/documentation/submissions_from_parties/application/pdf/aosis_cb.pdf;pdf
SBI;Uzbekistan;20 February 2013;http://unfccc.int/files/documentation/submissions_from_parties/application/pdf/uzbekistan_cb_under_the_kp.pdf;pdf
SBI;Ireland on behalf of the European Union and its member States;4 March 2013;http://unfccc.int/files/documentation/submissions_from_parties/application/pdf/ireland_(eu).pdf;pdf
SBI;Uzbekistan;20 February 2013;http://unfccc.int/files/documentation/submissions_from_parties/application/pdf/uzbekistan_cb.pdf;pdf
SBI;Ireland on behalf of the European Union and its member States;4 March 2013;http://unfccc.int/files/documentation/submissions_from_parties/application/pdf/ireland_(eu).pdf;pdf
SBI;Uzbekistan;20 February 2013;http://unfccc.int/files/documentation/submissions_from_parties/application/pdf/uzbekistan_cb_under_the_kp.pdf;pdf
SBI;Gambia on behalf of the Least Developed Countries;27 September 2012;http://unfccc.int/files/documentation/submissions_from_parties/application/pdf/gambia_for_ldcs.pdf;pdf
SBI;Nepal;1 August 2012;http://unfccc.int/files/documentation/submissions_from_parties/application/pdf/nepal_submission_ldcf_2012[sbi].pdf;pdf
SBI;Bolivia on behalf of Bolivia, Ecuador, China, El Salvador, Guatemala, Thailand, Philippines, and Nicaragua;7 November 2012;http://unfccc.int/files/documentation/submissions_from_parties/application/pdf/bolivia_et_al.pdf;pdf
SBI;Cyprus on behalf of the European Union and its member States;5 November 2012;http://unfccc.int/files/documentation/submissions_from_parties/application/pdf/eu_updated.pdf;pdf
SBI;Gambia on behalf of the Least Developed Countries;7 October 2012;http://unfccc.int/files/adaptation/application/pdf/submission_by_the_gambia_on_behalf_of_the_least_developed_countries_on_loss_and_damage.pdf;pdf
SBI;Ghana;30 October 2012;http://unfccc.int/files/documentation/submissions_from_parties/application/pdf/ghana_loss_and_damage.pdf;pdf
SBI;Nauru on behalf of the Alliance of Small Island States;2 October 2012;http://unfccc.int/files/documentation/submissions_from_parties/application/pdf/aosis_submission_on_loss_and_damage_submission_2_october_2012.pdf;pdf
SBI;Norway;2 October 2012;http://unfccc.int/files/documentation/submissions_from_parties/application/pdf/norway_submission_loss_and_damage_submission_2_october_2012.pdf;pdf
SBI;Swaziland on behalf of the African Group;24 November 2012;http://unfccc.int/files/documentation/submissions_from_parties/application/pdf/africa_group__submission_on_loss_and_damage[1].pdf;pdf
SBI;United States;16 November 2012;http://unfccc.int/files/documentation/submissions_from_parties/application/pdf/us.pdf;pdf
SBI;Cyprus on behalf of the European Union and its member States;24 September 2012;http://unfccc.int/files/documentation/submissions_from_parties/application/pdf/cyprus.pdf;pdf
SBI;African Group;15 May 2012;http://unfccc.int/files/adaptation/application/pdf/adaptation_fund-african_submission.pdf;pdf
SBI;Cyprus on behalf of the European Union and its member States;9 October 2012;http://unfccc.int/files/documentation/submissions_from_parties/application/pdf/cyprus_for_eu.pdf;pdf
SBI;Uzbekistan;18 September 2012;http://unfccc.int/files/documentation/submissions_from_parties/application/pdf/uzbekistan.pdf;pdf
SBI;Colombia;20 September 2012;http://unfccc.int/files/documentation/submissions_from_parties/application/pdf/colombia_nat.comm.pdf;pdf
SBI;Australia;5 October 2012;http://unfccc.int/files/documentation/submissions_from_parties/application/pdf/australia_response_measures.pdf;pdf 
SBI;Cyprus and the European Commission on behalf of the European Union and its member States, supported by Bosnia-Herzegovina, Croatia, Iceland, the Former Yugoslav Republic of Macedonia and Serbia.;9 Oct 2012;http://unfccc.int/files/cooperation_support/response_measures/application/pdf/sb_european_union_and_its_member_states.pdf;pdf
SBI;Saudi Arabia;17 September 2012;http://unfccc.int/files/documentation/submissions_from_parties/application/pdf/submission_by_ksa_on_forum_area_(a).pdf;pdf
SBI;Saudi Arabia;17 September 2012;http://unfccc.int/files/documentation/submissions_from_parties/application/pdf/saudi_arabia_(area_f).pdf;pdf
SBI;Saudi Arabia;17 September 2012;http://unfccc.int/files/documentation/submissions_from_parties/application/pdf/saudi_arabia_area_(h).pdf;pdf
SBI;United States;9 October 2012;http://unfccc.int/files/documentation/submissions_from_parties/application/pdf/united_states.pdf;pdf
SBI;Georgia;15 August 2012;http://unfccc.int/files/adaptation/application/pdf/submission_by_georgia_doha_work_programme.pdf;pdf
SBI;Bangladesh;5 March 2012;http://unfccc.int/files/documentation/submissions_from_parties/application/pdf/bangladesh..pdf;pdf 
SBI;Denmark on behalf of the European Union and its member States;13 February 2012;http://unfccc.int/files/documentation/submissions_from_parties/application/pdf/denmark_(eu).pdf;pdf
SBI;Gambia on behalf of the Least Developed Countries;1 March 2012;http://unfccc.int/files/documentation/submissions_from_parties/application/pdf/gambia_naps.pdf;pdf
SBI;Indonesia;14 February 2012;http://unfccc.int/files/documentation/submissions_from_parties/application/pdf/indonesia_submission.pdf;pdf 
SBI;Japan;13 February 2012;http://unfccc.int/files/documentation/submissions_from_parties/application/pdf/japan.pdf;pdf
SBI;Swaziland on behalf of the African Group;16 April 2012;http://unfccc.int/files/documentation/submissions_from_parties/application/pdf/swaziland_for_african_group.pdf;pdf 
SBI;United States;6 March 2012;http://unfccc.int/files/adaptation/application/pdf/united_states.pdf;pdf
SBI;Denmark on behalf of the European Union and its member States;6 March 2012;http://unfccc.int/files/documentation/submissions_from_parties/application/pdf/denmark_eu_.pdf;pdf 
SBI;Russian Federation;28 February 2012;http://unfccc.int/files/documentation/submissions_from_parties/application/pdf/russia.pdf;pdf
SBI;Ukraine;15 February 2012;http://unfccc.int/files/documentation/submissions_from_parties/application/pdf/ukraine_cb_under_the_convention.pdf;pdf
SBI;Denmark on behalf of the European Union and its member States;6 March 2012;http://unfccc.int/files/documentation/submissions_from_parties/application/pdf/denmark_eu_.pdf;pdf
SBI;Russian Federation;28 February 2012;http://unfccc.int/files/documentation/submissions_from_parties/application/pdf/russia.pdf;pdf
SBI;Ukraine;15 February 2012;http://unfccc.int/files/documentation/submissions_from_parties/application/pdf/ukraine_cb_under_the_kp.pdf;pdf
SBI;Denmark on behalf of the European Union and its member States;23 March 2012;http://unfccc.int/files/documentation/submissions_from_parties/application/pdf/denmark_eu_annual.pdf;pdf
SBI;Denmark on behalf of the European Union and its member States;23 March 2012;http://unfccc.int/files/documentation/submissions_from_parties/application/pdf/denmark_eu_annual.pdf;pdf
SBI;Denmark on behalf of the European Union and its member States;13 February 2012;http://unfccc.int/files/documentation/submissions_from_parties/application/pdf/denmark_art.6__(eu).pdf;pdf
SBI;Indonesia;6 March 2012;http://unfccc.int/files/documentation/submissions_from_parties/application/pdf/indonesia_art.6.pdf;Annex
SBI;Pakistan;14 February 2012;http://unfccc.int/files/documentation/submissions_from_parties/application/pdf/pakistan_new_delhi_wp.pdf;pdf 
SBI;Russian Federation;28 February 2012;http://unfccc.int/files/documentation/submissions_from_parties/application/pdf/russia_art.6.pdf;pdf
SBI;Denmark on behalf of the European Union and its member States;13 February 2012;http://unfccc.int/files/documentation/submissions_from_parties/application/pdf/denmark_art.6__(eu).pdf;pdf
SBI;Dominican Republic;14 February 2012;http://unfccc.int/files/documentation/submissions_from_parties/application/pdf/domrep_submission.pdf;pdf
SBI;Indonesia;6 March 2012;http://unfccc.int/files/documentation/submissions_from_parties/application/pdf/indonesia_art.6.pdf;Annex
SBI;Pakistan;14 February 2012;http://unfccc.int/files/documentation/submissions_from_parties/application/pdf/pakistan_new_delhi_wp.pdf;pdf
SBI;Russian Federation;28 February 2012;http://unfccc.int/files/documentation/submissions_from_parties/application/pdf/russia_art.6.pdf;pdf
SBI;Ukraine;15 February 2012;http://unfccc.int/files/documentation/submissions_from_parties/application/pdf/ukraine.pdf;pdf
SBI;Brazil;5 March 2012;http://unfccc.int/files/documentation/submissions_from_parties/application/pdf/brazil_ica.pdf;pdf 
SBI;Chile;5 March 2012;http://unfccc.int/files/documentation/submissions_from_parties/application/pdf/chile.pdf;pdf
SBI;China;8 March 2012;http://unfccc.int/files/documentation/submissions_from_parties/application/pdf/china.pdf;pdf 
SBI;Denmark on behalf of the European Union and its member States;6 March 2012;http://unfccc.int/files/documentation/submissions_from_parties/application/pdf/denmark_eu_ica.pdf;pdf
SBI;Gambia on behalf of the Least Developed Countries;14 March 2012;http://unfccc.int/files/documentation/submissions_from_parties/application/pdf/gambia_for_ldcs.pdf;pdf 
SBI;Israel;5 March 2012;http://unfccc.int/files/documentation/submissions_from_parties/application/pdf/israel.pdf;pdf
SBI;Japan;5 March 2012;http://unfccc.int/files/documentation/submissions_from_parties/application/pdf/japan_namas.pdf;pdf
SBI;Malaysia;5 March 2012;http://unfccc.int/files/documentation/submissions_from_parties/application/pdf/malaysia.pdf;pdf 
SBI;New Zealand;15 March 2012;http://unfccc.int/files/documentation/submissions_from_parties/application/pdf/new_zealand.pdf;pdf
SBI;Norway;19 March 2012;http://unfccc.int/files/documentation/submissions_from_parties/application/pdf/norway_ica.pdf;pdf 
SBI;Saudi Arabia;5 March 2012;http://unfccc.int/files/documentation/submissions_from_parties/application/pdf/saudi_arabia.pdf;pdf
SBI;Switzerland;6 March 2012;http://unfccc.int/files/documentation/submissions_from_parties/application/pdf/switzerland_ica.pdf;pdf
SBI;United States;29 February 2012;http://unfccc.int/files/documentation/submissions_from_parties/application/pdf/united_states.pdf;pdf
SBI;African Group;7 March 2012;http://unfccc.int/files/documentation/submissions_from_parties/application/pdf/swaziland_african_group.pdf;pdf 
SBI;Angola;5 March 2012;http://unfccc.int/files/documentation/submissions_from_parties/application/pdf/angola.pdf;pdf
SBI;Brazil;6 March 2012;http://unfccc.int/files/documentation/submissions_from_parties/application/pdf/brazil_cge_continuation.pdf;pdf
SBI;Chile;5 March 2012;http://unfccc.int/files/documentation/submissions_from_parties/application/pdf/chile_cge.pdf;pdf
SBI;Denmark on behalf of the European Union and its member States;6 March 2012;http://unfccc.int/files/documentation/submissions_from_parties/application/pdf/denmark_eu.pdf;pdf
SBI;Gambia on behalf of the Least Developed Countries;6 March 2012;http://unfccc.int/files/documentation/submissions_from_parties/application/pdf/gambia_cge.pdf;pdf
SBI;Ghana;8 March 2012;http://unfccc.int/files/documentation/submissions_from_parties/application/pdf/ghana.pdf;pdf
SBI;Japan;5 March 2012;http://unfccc.int/files/documentation/submissions_from_parties/application/pdf/japan_continuation.pdf;pdf 
SBI;Kazakhstan;6 March 2012;http://unfccc.int/files/documentation/submissions_from_parties/application/pdf/kazakhstan.pdf;pdf 
SBI;Malaysia;5 March 2012;http://unfccc.int/files/documentation/submissions_from_parties/application/pdf/malaysia_cge.pdf;pdf
SBI;Nauru on behalf of AOSIS;13 March 2012;http://unfccc.int/files/documentation/submissions_from_parties/application/pdf/aosis.pdf;pdf
SBI;New Zealand;15 March 2012;http://unfccc.int/files/documentation/submissions_from_parties/application/pdf/new_zealand_cge.pdf;pdf
SBI;Saudi Arabia;5 March 2012;http://unfccc.int/files/documentation/submissions_from_parties/application/pdf/saudi_arabia_cge.pdf;pdf
SBI;Switzerland;6 March 2012;http://unfccc.int/files/documentation/submissions_from_parties/application/pdf/switzerland_cge.pdf;pdf
SBI;Brazil;5 March 2012;http://unfccc.int/files/documentation/submissions_from_parties/application/pdf/brazil.pdf;pdf
SBI;African Group ;23 August 2011 ;http://unfccc.int/files/documentation/submissions_from_parties/application/pdf/african_group.pdf;pdf
SBI;Australia;25 August 2011 ;http://unfccc.int/files/documentation/submissions_from_parties/application/pdf/australia_naps.pdf;pdf
SBI;Colombia;13 August 2011;http://unfccc.int/files/documentation/submissions_from_parties/application/pdf/colombia..pdf;pdf
SBI;Democratic Republic of the Congo;24 August 2011;http://unfccc.int/files/documentation/submissions_from_parties/application/pdf/dr_congo_clean.pdf;pdf 
SBI;Gambia on behalf of the Least Developed Coutries Group;19 August 2011;http://unfccc.int/files/documentation/submissions_from_parties/application/pdf/gambia.pdf;pdf
SBI;Hungary on behalf of the European Union and its member States;18 May 2011;http://unfccc.int/files/adaptation/application/pdf/eu_nap.pdf;pdf
SBI;Malawi;5 September 2011;http://unfccc.int/files/documentation/submissions_from_parties/application/pdf/malawi.pdf;pdf
SBI;Nepal ;19 August 2011 ;http://unfccc.int/files/documentation/submissions_from_parties/application/pdf/nepal.pdf;pdf
SBI;Norway;8 September 2011 ;http://unfccc.int/files/documentation/submissions_from_parties/application/pdf/norway.pdf;pdf
SBI;Sri Lanka;17 August 2011;http://unfccc.int/files/documentation/submissions_from_parties/application/pdf/submission_naps_sri_lanka.pdf;pdf
SBI;United States of America;23 August 2011;http://unfccc.int/files/documentation/submissions_from_parties/application/pdf/united_states.pdf;pdf
SBI;Australia;25 August 2011;http://unfccc.int/files/documentation/submissions_from_parties/application/pdf/australia.pdf;pdf
SBI;Colombia;13 August 2011;http://unfccc.int/files/documentation/submissions_from_parties/application/pdf/colombia.pdf;pdf
SBI;El Salvador;16 August 2011;http://unfccc.int/files/documentation/submissions_from_parties/application/pdf/el_salvador_16_aug.pdf;pdf
SBI;Gambia on behalf of the Least Developed Coutries Group;19 August 2011 ;http://unfccc.int/files/documentation/submissions_from_parties/application/pdf/gambia_ldcs.pdf;pdf
SBI;Norway;8 September 2011;http://unfccc.int/files/documentation/submissions_from_parties/application/pdf/norway_loss_and_damage.pdf;pdf
SBI;Pakistan;15 August 2011;http://unfccc.int/files/documentation/submissions_from_parties/application/pdf/submission_by_pakistan.pdf;pdf
SBI;Poland and the European Commission on behalf of the European Union and its member States ;7 November 2011;http://unfccc.int/files/documentation/submissions_from_parties/application/pdf/eu_revised_submission.pdf;pdf
SBI;Sri Lanka ;17 August 2011;http://unfccc.int/files/adaptation/application/pdf/submission_loss_and_damage_sri_lanka.pdf;pdf 
SBI;Switzerland ;19 August 2011 ;http://unfccc.int/files/documentation/submissions_from_parties/application/pdf/switzerland.pdf;pdf
SBI;United States of America;11 August 2011;http://unfccc.int/files/documentation/submissions_from_parties/application/pdf/united_states.pdf;pdf
SBI;Pakistan ;19 September 2011;http://unfccc.int/files/adaptation/application/pdf/pakistan_submissions_to_the_unfccc_19_sep.pdf;pdf
SBI;Poland and the European Commission on behalf of the European Union and its member States ; 20 September 2011;http://unfccc.int/files/adaptation/application/pdf/pl-09-19-gef.pdf;pdf
SBI;Uzbekistan;16 September 2011;http://unfccc.int/files/adaptation/application/pdf/uzbekistan.pdf;pdf
SBI;Australia;16 September 2011;http://unfccc.int/files/adaptation/application/pdf/australia_observation_submission.pdf;pdf
SBI;Colombia;14 September 2011;http://unfccc.int/files/adaptation/application/pdf/submission_from_colombia_research.pdf;pdf
SBI;El Salvador on behalf of Guatemal and Honduras;22 September 2011;http://unfccc.int/files/adaptation/application/pdf/el_salvador_guatemala_honduras_redes_sica_rev.pdf;pdf
SBI;Pakistan ;19 September 2011;http://unfccc.int/files/adaptation/application/pdf/pakistan_submissions_to_the_unfccc_19_sep.pdf;pdf
SBI;Poland and the European Commission on behalf of the European Union and its member States;27 September 2011;http://unfccc.int/files/adaptation/application/pdf/pl_fm_observation.pdf;pdf
SBI;United States of America;19 September 2011;http://unfccc.int/files/adaptation/application/pdf/us_submission_climate_obs_financing.pdf;pdf
SBI;Colombia; 15 September 2011;http://unfccc.int/files/adaptation/application/pdf/submission_from_colombia__natcoms_costs.pdf;pdf
SBI;Australia;16 September 2011;http://unfccc.int/files/documentation/submissions_from_parties/application/pdf/australia_irm_submission.pdf;pdf
SBI;Grenada on behalf of AOSIS;12 September 2011;http://unfccc.int/files/documentation/submissions_from_parties/application/pdf/aosis_on_response_measures.pdf;pdf
SBI;Pakistan ;19 September 2011 ;http://unfccc.int/files/documentation/submissions_from_parties/application/pdf/pakistan_submissions_to_the_unfccc_response_measures_19_sep.pdf;pdf
SBI;Poland and the European Commission on behalf of the European Union and its member States ; 20 September 2011;http://unfccc.int/files/adaptation/application/pdf/pl-_rm.pdf;pdf
SBI;Russian Federation;23 September 2011;http://unfccc.int/files/documentation/submissions_from_parties/application/pdf/russia_response_measures_22_09_2011__unfccc.pdf;pdf
SBI;Saudi Arabia;3 October 2011;http://unfccc.int/files/documentation/submissions_from_parties/application/pdf/saudi_arabia_submission_on_forum.pdf;pdf
SBI;Singapore;3 October 2011;http://unfccc.int/files/documentation/submissions_from_parties/application/pdf/singapore_2011-10-03_further_submission_on_views.pdf;pdf
SBI;Colombia;16 August 2011;http://unfccc.int/files/documentation/submissions_from_parties/application/pdf/submission_from_colombia_on_capacity_building.pdf;pdf
SBI;Pakistan;15 August 2011;http://unfccc.int/files/documentation/submissions_from_parties/application/pdf/submission_by_pakistan.pdf;pdf
SBI;Poland and the European Commission on behalf of the European Union and its member States; 16 August 2011;http://unfccc.int/files/documentation/submissions_from_parties/application/pdf/capacity_building_eu_submission_2011.pdf;pdf
SBI;Uzbekistan; 10 August 2011;http://unfccc.int/files/documentation/submissions_from_parties/application/pdf/uzbekkp.pdf;pdf
SBI;Colombia; 16 August 2011;http://unfccc.int/files/documentation/submissions_from_parties/application/pdf/submission_from_colombia_on_capacity_building.pdf;pdf
SBI;Pakistan; 15 August 2011;http://unfccc.int/files/documentation/submissions_from_parties/application/pdf/submission_by_pakistan.pdf;pdf
SBI;Poland and the European Commission on behalf of the European Union and its member States; 16 August 2011;http://unfccc.int/files/documentation/submissions_from_parties/application/pdf/capacity_building_eu_submission_2011.pdf;pdf
SBI;Uzbekistan; 12 August 2011;http://unfccc.int/files/documentation/submissions_from_parties/application/pdf/uzbekkp.pdf;pdf
SBI;Australia;24 February 2011;http://unfccc.int/files/adaptation/application/pdf/australia_submission.pdf;pdf
SBI;Bolivia (Plurinational State of);21 February 2011;http://unfccc.int/files/adaptation/cancun_adaptation_framework/application/pdf/bolivia_21_february_2011.pdf;pdf
SBI;Bosnia and Herzegovina;4 March 2011;http://unfccc.int/files/adaptation/application/pdf/bosniaherzegovina_submission.pdf;pdf
SBI;Canada;3 March 2011;http://unfccc.int/files/adaptation/application/pdf/canada_en_submission.pdf;pdf
SBI;China;26 February 2011;http://unfccc.int/files/documentation/submissions_from_parties/application/pdf/china_ld.pdf;pdf
SBI;Ethiopia;5 April 2011;http://unfccc.int/files/documentation/submissions_from_parties/application/pdf/ethipia_l&amp,d.pdf;pdf
SBI;Grenada on behalf of AOSIS;28 February 2011;http://unfccc.int/files/adaptation/cancun_adaptation_framework/application/pdf/aosis_28_february_2011.pdf;pdf
SBI;Hungary and the European Commission on behalf of the European Union and its member States;15 February 2011;http://unfccc.int/files/documentation/submissions_from_parties/application/pdf/hungary_eu_submission_ld.pdf;pdf
SBI;India;24 February 2011;http://unfccc.int/files/adaptation/cancun_adaptation_framework/application/pdf/india_24_february_2011.pdf;pdf
SBI;Indonesia;21 February 2011;http://unfccc.int/files/adaptation/cancun_adaptation_framework/application/pdf/indonesia_22_february_2011.pdf;pdf
SBI;Japan;25 February 2011;http://unfccc.int/files/adaptation/cancun_adaptation_framework/application/pdf/japan_25_february_2011.pdf;pdf
SBI;Malaysia;18 February 2011;http://unfccc.int/files/adaptation/application/pdf/malaysia_submission.pdf;pdf
SBI;Mexico;1 March 2011;http://unfccc.int/files/adaptation/cancun_adaptation_framework/application/pdf/mexico_1_march_2011.pdf;pdf
SBI;New Zealand;21 February 2011;http://unfccc.int/files/adaptation/cancun_adaptation_framework/application/pdf/new_zealand_21_february_2011.pdf;pdf
SBI;Norway;22 February 2011;http://unfccc.int/files/adaptation/cancun_adaptation_framework/application/pdf/norway_22_february_2011.pdf;pdf
SBI;Saudi Arabia;17 February 2011;http://unfccc.int/files/adaptation/application/pdf/saudiarabia_submission.pdf;pdf
SBI;Sri Lanka;22 Februray 2011;http://unfccc.int/files/adaptation/cancun_adaptation_framework/application/pdf/sri_lanka_22_february_2011.pdf;pdf
SBI;Switzerland;21 February 2011;http://unfccc.int/files/adaptation/cancun_adaptation_framework/application/pdf/switzerland_21_february_2011.pdf;pdf
SBI;Turkey;25 February 2011;http://unfccc.int/files/adaptation/application/pdf/turkey_submission.pdf;pdf
SBI;United States of America;25 February 2011;http://unfccc.int/files/adaptation/cancun_adaptation_framework/application/pdf/usa_25_february_2011.pdf;pdf
SBI;Uzbekistan;1 March 2011;http://unfccc.int/files/adaptation/cancun_adaptation_framework/application/pdf/uzbekistan_1_march_2011.pdf;pdf
SBI;Venezuela (the Bolivarian Republic of);21 February 2011;http://unfccc.int/files/adaptation/cancun_adaptation_framework/application/pdf/venezuela_21_february_2011.pdf;pdf
SBI;Australia;28 March 2011;http://unfccc.int/files/documentation/submissions_from_parties/application/pdf/australia_submission.pdf;pdf
SBI;China;30 March 2011;http://unfccc.int/files/documentation/submissions_from_parties/application/pdf/submission_from_china.pdf;pdf
SBI;Hungary and the European Commission on behalf of the European Union and its member States;23 March 2011;http://unfccc.int/files/documentation/submissions_from_parties/application/pdf/eu_submission.pdf;pdf
SBI;Hungary and the European Commission on behalf of the European Union and its member States;16 March 2011;http://unfccc.int/files/documentation/submissions_from_parties/application/pdf/eu_needs.pdf;pdf
SBI;Uzbekistan;25 March 2011;http://unfccc.int/files/documentation/submissions_from_parties/application/pdf/uzbekistan_25march_needs.pdf;pdf
SBI;Australia;24 February 2011;http://unfccc.int/files/adaptation/implementing_adaptation/application/pdf/australia_submission_article_2-3_and_3-14.pdf;pdf
SBI;China;26 February 2011;http://unfccc.int/files/adaptation/application/pdf/china_submission_article_2-3_and_3-14_.pdf;pdf
SBI;Colombia;21 February 2011;http://unfccc.int/files/adaptation/cancun_adaptation_framework/application/pdf/colombia_21_february_2011.pdf;pdf
SBI;Grenada on behalf of the Alliance of Small Island States;12 February 2011;http://unfccc.int/files/documentation/submissions_from_parties/application/pdf/grenada_aosis_article_2_3_3_14.pdf;pdf 
SBI;Hungary and the European Commission on behalf of the European Union and its member States;15 February 2011;http://unfccc.int/files/adaptation/cancun_adaptation_framework/application/pdf/hungary_15_february_2011.pdf;pdf
SBI;Pakistan;19 February 2011;http://unfccc.int/files/adaptation/cancun_adaptation_framework/application/pdf/pakistan_19_february_2011.pdf;pdf
SBI;Qatar;21 February 2011;http://unfccc.int/files/adaptation/cancun_adaptation_framework/application/pdf/qatar_21_february_2011.pdf;pdf
SBI;Saudi Arabia;21 February 2011;http://unfccc.int/files/adaptation/cancun_adaptation_framework/application/pdf/saudi_arabia_21_february_2011.pdf;pdf
SBI;Uzbekistan;1 March 2011;http://unfccc.int/files/adaptation/application/pdf/uzbekistan_submission_article_2-3_and_3-14_.pdf;pdf
SBI;Algeria;27 March 2011;http://unfccc.int/files/documentation/submissions_from_parties/application/pdf/algeria_rm.pdf;pdf
SBI;Australia;28 March 2011;http://unfccc.int/files/documentation/submissions_from_parties/application/pdf/australia_rm.pdf;pdf
SBI;China;30 March 2011;http://unfccc.int/files/documentation/submissions_from_parties/application/pdf/china_rm.pdf;pdf
SBI;Grenada on behalf of the Alliance of Small Island States;12 April 2011;http://unfccc.int/files/adaptation/application/pdf/grenada_for_aosis_rm.pdf;pdf
SBI;Hungary and the European Commission on behalf of the European Union and its member States;16 March 2011;http://unfccc.int/files/documentation/submissions_from_parties/application/pdf/eu_rm.pdf;pdf
SBI;Russian Federation;30 March 2011;http://unfccc.int/files/documentation/submissions_from_parties/application/pdf/russian_federation_rm.pdf;pdf
SBI;Saudi Arabia;17 February 2011;http://unfccc.int/files/adaptation/response_measures/application/pdf/saudi_arabia_submission_on_response_measures.pdf;pdf
SBI;Singapore;18 March 2011;http://unfccc.int/files/documentation/submissions_from_parties/application/pdf/signapore_submission_on_rm_18_march_2011.pdf;pdf
SBI;Uzbekistan;25 March 2011;http://unfccc.int/files/documentation/submissions_from_parties/application/pdf/uzbekistan_rm_250311.pdf;pdf
SBI;Bolivia (Plurinational State of);28 March 2011;http://unfccc.int/files/documentation/submissions_from_parties/application/pdf/bolivia.pdf;pdf
SBI;Hungary and the European Commission on behalf of the European Union and its member States;18 May 2011;http://unfccc.int/files/adaptation/application/pdf/eu_nap.pdf;pdf
SBSTA;Norway;18 February 2013;http://unfccc.int/files/documentation/submissions_from_parties/application/pdf/submissionbynorwaytechnicalworkkp.pdf;pdf
SBSTA;Ireland and the European Commision on behalf of the European Union and its member States, supported by Albania, Croatia, the Former Yugoslav Republic of Macedonia, Iceland, Montenegro and Serbia;18 February 2013;http://unfccc.int/files/documentation/submissions_from_parties/application/pdf/ie-02-18_-_implementation_of_decisions.pdf;pdf
SBSTA;New Zealand;25 February 2013;http://unfccc.int/files/documentation/submissions_from_parties/application/pdf/2013_updated_submission_on_kp_art_578_to_unfccc_sbsta_feb_2013.pdf;pdf
SBSTA;Japan;13 March 2013;http://unfccc.int/files/documentation/submissions_from_parties/application/pdf/submission_kp5,7,8(japan).pdf;pdf
SBSTA;Cyprus and the European Commission on behalf of the European Union and its member States supported by Albania, Bosnia-Herzegovina, Croatia, the Former Yugoslav Republic of Macedonia, Montenegro and Serbia;7 Sep 2012;http://unfccc.int/files/documentation/submissions_from_parties/application/pdf/cy-07-09-ccs.pdf;pdf
SBSTA;Cyprus and the European Commission on behalf of the European Union and its member States supported by Albania, Bosnia-Herzegovina, Croatia and Serbia;16 Jul 2012;http://unfccc.int/files/documentation/submissions_from_parties/application/pdf/eu_cy-07-16-crf.pdf;pdf
SBSTA;United States;13 Aug 2012;http://unfccc.int/files/documentation/submissions_from_parties/application/pdf/us_submission_-_a1_br_crf_-_aug_13_2012.pdf;pdf
SBSTA;Switzerland;14 Aug 2012;http://unfccc.int/files/documentation/submissions_from_parties/application/pdf/submission_crf_br_a1_-_switzerland.pdf;pdf
SBSTA;Japan;21 Aug 2012;http://unfccc.int/files/documentation/submissions_from_parties/application/pdf/(set)sbsta_submission_jpn_ctf.pdf;pdf
SBSTA;Australia;22 Aug 2012;http://unfccc.int/files/documentation/submissions_from_parties/application/pdf/australia_-_submission_on_work_programme_on_a_common_tabular_format.pdf;pdf
SBSTA;Norway;27 Sept 2012;http://unfccc.int/files/documentation/submissions_from_parties/application/pdf/nor_on_common_tabular_format_ai_br.pdf;pdf
SBSTA;Canada;2 Oct. 2012;http://unfccc.int/files/documentation/submissions_from_parties/application/pdf/canadian_submission_on_br_tables_-_oct_2.pdf;pdf
SBSTA;Gambia;28 Oct. 2012;http://unfccc.int/files/documentation/submissions_from_parties/application/pdf/submission_by_the_gambia_on_behalf_of_the_ldcs_ctf_brs_2_final.pdf;pdf
SBSTA;Australia;22 Aug 2012;http://unfccc.int/files/documentation/submissions_from_parties/application/pdf/australia_submission_on_ccs_as_cdm_activity.pdf;pdf
SBSTA;Cyprus and the European Commission on behalf of the European Union and its member States supported by Albania, Bosnia-Herzegovina, Croatia, the Former Yugoslav Republic of Macedonia, Montenegro and Serbia;7 Sep 2012;http://unfccc.int/files/methods_science/redd/submissions/application/pdf/redd_20121126_sbsta37_indonesia_asean_submission.pdf;pdf
SBSTA;Australia;14 Sep 2012;http://unfccc.int/files/methods_and_science/lulucf/application/pdf/australia_-_submission_on_alternative_approaches_to_addressing_non-permanence_under_the_cdm.pdf;pdf
SBSTA;Australia;14 Sep 2012;http://unfccc.int/files/methods_and_science/lulucf/application/pdf/australia_-_submission_on_modalities_and_procedures_for_possible_additional_lulucf_activities.pdf;pdf
SBSTA;Uruguay;23 Nov 2012;http://unfccc.int/files/methods_science/redd/submissions/application/pdf/redd_20121123_sbsta37_uruguay_submission.pdf;pdf
SBSTA;Australia;14 Sep 2012;http://unfccc.int/files/documentation/submissions_from_parties/application/pdf/sbsta_submission_australia_2012.pdf;pdf
SBSTA;Cyprus and the European Commission on behalf of the European Union and its member States supported by Albania, Bosnia-Herzegovina, Croatia, the Former Yugoslav, Republic of Macedonia, Montenegro and Serbia;14 Sep 2012;http://unfccc.int/files/documentation/submissions_from_parties/application/pdf/sbsta_submission_cyprus_10b.pdf;pdf
SBSTA;Japan;17 Sep 2012;http://unfccc.int/files/documentation/submissions_from_parties/application/pdf/sbsta_submission_japan.pdf;pdf
SBSTA;Liechtenstein on behalf of the Environmental Integrity Group, comprising Liechtenstein, Mexico, Monaco, South Korea and Switzerland;18 Sep 2012;http://unfccc.int/files/documentation/submissions_from_parties/application/pdf/sbsta_submission_eig.pdf;pdf
SBSTA;New Zealand;14 Sep 2012;http://unfccc.int/files/documentation/submissions_from_parties/application/pdf/sbsta_submission_newzealand_2012.pdf;pdf
SBSTA;United States of America;19 Oct 2012;http://unfccc.int/files/documentation/submissions_from_parties/application/pdf/sbsta_submission_us_2012.pdf;pdf
SBSTA;Australia;14 Sep 2012;http://unfccc.int/files/methods_and_science/lulucf/application/pdf/australia_-_submission_on_issues_related_to_more_comprehensive_accounting_of_anthropogenic_emissions.pdf;pdf
SBSTA;Cyprus and the European Commission on behalf of the European Union and its member States supported by Albania, Bosnia-Herzegovina, Croatia and Serbia;17 July 2012;http://unfccc.int/files/methods_and_science/lulucf/application/pdf/20120716_submcyprus_eu_cy-07-16-lulucf.pdf;pdf
SBSTA;Japan;14 Oct 2012;http://unfccc.int/files/methods_science/redd/application/pdf/japan_submission_comprehensive_accounting.pdf;pdf
SBSTA;Switzerland;18 Sep 2012;http://unfccc.int/files/methods_and_science/lulucf/application/pdf/submission_of_switzerland_comprehensive_accounting.pdf;pdf
SBSTA;Chile;6 Aug 2012;http://unfccc.int/files/adaptation/nairobi_work_programme/application/pdf/submission_by_chile.pdf;pdf
SBSTA;Costa Rica;8 Aug 2012;http://unfccc.int/files/adaptation/nairobi_work_programme/application/pdf/costa_rica_submission-nairobi_work_programme.pdf;pdf
SBSTA;Kyrgyzstan;13 Sep 2012;http://unfccc.int/files/adaptation/nairobi_work_programme/application/pdf/submission_by_kyrgyzstan.pdf;pdf
SBSTA;Cyprus and the European Commission on behalf of the European Union and its member States, supported by Bosnia-Herzegovina, Croatia, Iceland, the Former Yugoslav Republic of Macedonia and Serbia.;14 Sep 2012;http://unfccc.int/files/adaptation/nairobi_work_programme/application/pdf/cy-09-07-nwp.pdf;pdf
SBSTA;Nepal;17 Sep 2012;http://unfccc.int/files/adaptation/nairobi_work_programme/application/pdf/nepal_sbsta_submission_20120917.pdf;pdf
SBSTA;République de Guinée;17 Sep 2012;http://unfccc.int/files/adaptation/nairobi_work_programme/application/pdf/lettre_montagne_et_cc_republique_de_guinee.pdf;pdf
SBSTA;Uzbekistan;18 Sep 2012;http://unfccc.int/files/adaptation/nairobi_work_programme/application/pdf/uzbekistan_submission_nwp.pdf;pdf
SBSTA;Russian Federation;18 Sep 2012;http://unfccc.int/files/adaptation/application/pdf/russia_submission_nairobi_work_programme_cop_18.pdf;pdf
SBSTA;Sri Lanka;22 Sep 2012;http://unfccc.int/files/adaptation/nairobi_work_programme/application/pdf/submission_sri_lanka.pdf;pdf
SBSTA;Australia;5 Oct 2012;http://unfccc.int/files/documentation/submissions_from_parties/application/pdf/australia_-_submission_on_the_nairobi_work_programme_on_impacts,_vulnerability_and_adaptation_to_climate_change.pdf;pdf
SBSTA;Gambia on behalf of the Group of Least Developed Countries;6 Oct 2012;http://unfccc.int/files/adaptation/application/pdf/submission_by_the_gambia_on_behalf_of_the_least_developed_countries_(ldc)_group_on_nairobi_work_programme.pdf;pdf
SBSTA;Australia;5 Oct 2012;http://unfccc.int/files/cooperation_support/response_measures/application/pdf/sb_australia.pdf;pdf
SBSTA;Cyprus and the European Commission on behalf of the European Union and its member States, supported by Bosnia-Herzegovina, Croatia, Iceland, the Former Yugoslav Republic of Macedonia and Serbia.;9 Oct 2012;http://unfccc.int/files/cooperation_support/response_measures/application/pdf/sb_european_union_and_its_member_states.pdf;pdf
SBSTA;Saudi Arabia;17 Sep 2012;http://unfccc.int/files/cooperation_support/response_measures/application/pdf/sb_ksa_area_(a).pdf;pdf (Area a)
SBSTA;Saudi Arabia;17 Sep 2012;http://unfccc.int/files/cooperation_support/response_measures/application/pdf/sb_ksa__area_(f).pdf;pdf (Area f)
SBSTA;Saudi Arabia;17 Sep 2012;http://unfccc.int/files/cooperation_support/response_measures/application/pdf/sb_ksa_area_(h).pdf;pdf (Area h)
SBSTA;United States of America;9 Oct 2012;http://unfccc.int/files/cooperation_support/response_measures/application/pdf/sb_usa.pdf;pdf
SBSTA;Australia;5 Oct 2012;http://unfccc.int/files/documentation/submissions_from_parties/application/pdf/australia_-_submission_under_sbsta_agenda_item_12(c).pdf;pdf
SBSTA;Cyprus and the European Commission on behalf of the European Union and its member States, supported by Albania,Bosnia-Herzegovina, the Former Yugoslav Republic of Macedonia and Serbia;21 Sep 2012;http://unfccc.int/files/documentation/submissions_from_parties/application/pdf/cy-09-21-_sbsta_11d.pdf;pdf
SBSTA;Japan;1 Oct 2012;http://unfccc.int/files/documentation/submissions_from_parties/application/pdf/set_submission_578_1.pdf;pdf
SBSTA;New Zealand;21 Sep 2012;http://unfccc.int/files/documentation/submissions_from_parties/application/pdf/submission_to_the_unfccc__sbsta_september_2012.pdf;pdf
SBSTA;Colombia;20 Nov 2012;http://unfccc.int/files/methods_science/redd/submissions/application/pdf/redd_20121120_sbsta37_colombia_submission.pdf;pdf
SBSTA;Brunei Darussalam, Cambodia, Indonesia, Lao People's Democratic Republic, Malaysia, Myanmar, Philippines, Singapore, Thailand, and Vietnam;27 Nov 2012;http://unfccc.int/files/methods_science/redd/submissions/application/pdf/redd_20121126_sbsta37_indonesia_asean_submission.pdf;pdf
SBSTA;Bangladesh, Cameroon, Central African Republic, Congo (Republic), Costa Rica, Cote d'Ivoire, Democratic Republic of Congo, Dominica, Dominican Republic, Ecuador, Fiji, Gabon, Ghana, Guyana, Honduras, Kenya, Pakistan, Panama, Papua New Guinea, Sierra Leone, Solomon Islands, Suriname and Uganda;10 April 2012;http://unfccc.int/files/methods_science/redd/submissions/application/pdf/20120410_rainforestcoalition_subm_sbsta_redd_monitoringsystems.pdf;Puntos de vista sobre cò,mo hacer frente a los factores determinantes de la deforestaciò,n y la degradaciò,n de bosques
SBSTA;Bolivia (Plurinational State of);28 February 2012;http://unfccc.int/files/methods_science/redd/submissions/application/pdf/20120228_sabsta_bolivian_submission.pdf;pdf
SBSTA;Denmark and the European Commission on behalf of the European Union and its member States;05 March 2012;http://unfccc.int/files/methods_science/redd/submissions/application/pdf/20120305_eu_submission_redd.pdf;pdf
SBSTA;Gambia on behalf of the least developed countries;14 March 2012;http://unfccc.int/files/methods_science/redd/submissions/application/pdf/20120314_gambia-ldc_submission_redd.pdf;pdf
SBSTA;Ghana;13 March 2012;http://unfccc.int/files/methods_science/redd/submissions/application/pdf/20120313_ghana_subm_redd_sbsta_monitoring-systems.pdf;How to address drivers of deforestation/degradation
SBSTA;Honduras;28 February 2012;http://unfccc.int/files/methods_science/redd/submissions/application/pdf/20120228_submission_by_honduras.pdf;pdf
SBSTA;India;27 February 2012;http://unfccc.int/files/methods_science/redd/submissions/application/pdf/india_sub_robust_monitoring_sys_feb_march.pdf;How to address drivers of deforestation/degradation
SBSTA;Indonesia;28 February 2012;http://unfccc.int/files/methods_science/redd/submissions/application/pdf/submission__redd+_sbsta_mof_28_feb_2012_final_version.pdf;pdf
SBSTA;Japan;29 February 2012;http://unfccc.int/files/methods_science/redd/submissions/application/pdf/20120229_sbsta_redd_japan.pdf;pdf
SBSTA;New Zealand;21 March 2012;http://unfccc.int/files/methods_science/redd/submissions/application/pdf/20120321_new-zealand_submission_redd.pdf;pdf
SBSTA;Norway;22 March 2012;http://unfccc.int/files/methods_science/redd/submissions/application/pdf/201203222_norway_sbsta_redd.pdf;pdf
SBSTA;Pakistan;28 February 2012;http://unfccc.int/files/methods_science/redd/submissions/application/pdf/submission_pakistan.pdf;pdf
SBSTA;Switzerland, Liechtenstein and Monaco;29 February 2012;http://unfccc.int/files/methods_science/redd/submissions/application/pdf/20120229_submission_drivers_monitoring_final_swiss.pdf;pdf
SBSTA;United States;06 March 2012;http://unfccc.int/files/methods_science/redd/submissions/application/pdf/20120306_us_subm_redd_sbsta_driversdeforestation.pdf;pdf
SBSTA;Republic of Nauru on behalf of the Alliance of Small Island States;06 March 2012;http://unfccc.int/files/documentation/submissions_from_parties/application/pdf/aosis_research_dialogue.pdf;pdf
SBSTA;Bangladesh, Cameroon, Central African Republic, Congo (Republic), Costa Rica, Cote d'Ivoire, Democratic Republic of Congo, Dominica, Dominican Republic, Fiji, Gabon, Ghana, Guyana, Honduras, Kenya, Pakistan, Panama, Papua New Guinea, Sierra Leone, Solomon Islands, Suriname and Uganda;10 April 2012;http://unfccc.int/files/methods_science/research_systematic_observation/research_dialogue/application/pdf/cfrn_10_april_research_dialogue.pdf;pdf [spanish]
SBSTA;Denmark and the European Commission on behalf of the European Union and its member States;05 March 2012;http://unfccc.int/files/documentation/submissions_from_parties/application/pdf/eu_research_dialogue.pdf;pdf
SBSTA;Gambia on behalf of the Group of Least Developed Countries;10 March 2012;http://unfccc.int/files/adaptation/application/pdf/gambia_submission_on_research_themes.pdf;pdf
SBSTA;Japan;15 March 2012;http://unfccc.int/files/adaptation/application/pdf/japan_15_march_research_dialogue.pdf;pdf
SBSTA;Norway;10 May 2012;http://unfccc.int/files/methods_science/research_systematic_observation/research_dialogue/application/pdf/norway_10_may_reserach_dialogue.pdf;pdf
SBSTA;Pakistan;06 March 2012;http://unfccc.int/files/adaptation/application/pdf/pakistan_rso.pdf;pdf
SBSTA;Russian Federation;06 March 2012;http://unfccc.int/files/documentation/submissions_from_parties/application/pdf/russian_fed_research_dialogue_russ.pdf;pdf English
SBSTA;Australia;02 May 2012;http://unfccc.int/files/documentation/submissions_from_parties/application/pdf/20120502_australia_subm_agriculture.pdf;pdf
SBSTA;Bangladesh;15 May 2012;http://unfccc.int/files/methods_science/redd/submissions/application/pdf/20120515_bangladesh_subm_agriculture.pdf;pdf
SBSTA;Bolivia (Plurinational State of);29 March 2012;http://unfccc.int/files/methods_science/redd/submissions/application/pdf/20120329_bolivia_subm_agriculture.pdf;pdf
SBSTA;Burundi;05 March 2012;http://unfccc.int/files/methods_science/redd/submissions/application/pdf/20120305_burundi_submission.pdf;pdf
SBSTA;Canada;04 May 2012;http://unfccc.int/files/methods_science/redd/submissions/application/pdf/20120504_canada_subm_agriculture_en.pdf;pdf French
SBSTA;China;08 March 2012;http://unfccc.int/files/methods_science/redd/submissions/application/pdf/20120308_china_subm_agriculture.pdf;pdf
SBSTA;Costa Rica;25 March 2012;http://unfccc.int/files/methods_science/redd/submissions/application/pdf/20120325_costa_rica_subm_agriculture.pdf;pdf
SBSTA;Denmark and the European Commission on behalf of the European Union and its member States;05 March 2012;http://unfccc.int/files/methods_science/redd/submissions/application/pdf/20120305_eu_agriculture.pdf;pdf
SBSTA;Gambia on behalf of the least developed countries;06 March 2012;http://unfccc.int/files/methods_science/redd/submissions/application/pdf/20120306_gambia_ldc_subm_agriculture.pdf;pdf
SBSTA;Iran (Islamic Republic of);07 March 2012;http://unfccc.int/files/methods_science/redd/submissions/application/pdf/20120307_iran_subm_agriculture.pdf;pdf
SBSTA;Japan;27 February 2012;http://unfccc.int/files/methods_science/redd/submissions/application/pdf/japan_sectoral_approaches_on_agriculture.pdf;pdf
SBSTA;Malawi;08 March 2012;http://unfccc.int/files/methods_science/redd/submissions/application/pdf/20120308_malawi_subm_agriculture.pdf;pdf
SBSTA;New Zealand;23 March 2012;http://unfccc.int/files/methods_science/redd/submissions/application/pdf/20120323_new-zealand_subm_agriculture.pdf;pdf
SBSTA;Philippines;06 March 2012;http://unfccc.int/files/methods_science/redd/submissions/application/pdf/20120306_philippines_subm_agriculture.pdf;pdf
SBSTA;Saudi Arabia;05 March 2012;http://unfccc.int/files/methods_science/redd/submissions/application/pdf/20120305_saudi-arabia_submission-_sectoral_approaches-1.pdf;pdf
SBSTA;South Africa;05 March 2012;http://unfccc.int/files/methods_science/redd/submissions/application/pdf/20120305_south-africa_subm_agriculture.pdf;pdf
SBSTA;Sudan;04 March 2012;http://unfccc.int/files/methods_science/redd/submissions/application/pdf/20120304_sudan_agriculture.pdf;pdf
SBSTA;Swaziland on behalf of the Group of African States;16 March 2012;http://unfccc.int/files/methods_science/redd/submissions/application/pdf/20120316_zwaziland-ac_subm_agriculture.pdf;pdf
SBSTA;Switzerland on behalf of the Environmental Integrity Group (EIG);05 March 2012;http://unfccc.int/files/methods_science/redd/submissions/application/pdf/20120307_switzerland_eig_subm_agriculture.pdf;pdf
SBSTA;Uganda;05 March 2012;http://unfccc.int/files/methods_science/redd/submissions/application/pdf/20120305_uganda_subm_agriculture.pdf;pdf
SBSTA;United Republic of Tanzania;05 March 2012;http://unfccc.int/files/methods_science/redd/submissions/application/pdf/20120305_tanzania_subm_agriculture.pdf;pdf
SBSTA;United States;06 March 2012;http://unfccc.int/files/methods_science/redd/submissions/application/pdf/20120306_us_subm_agriculture.pdf;pdf
SBSTA;Uruguay;08 March 2012;http://unfccc.int/files/methods_science/redd/submissions/application/pdf/20120308_uruguay_subm_agriculture.pdf;pdf
SBSTA;Zambia;06 March 2012;http://unfccc.int/files/methods_science/redd/submissions/application/pdf/20120306_zambia_subm_agriculture.pdf;pdf
SBSTA;Australia;10 May 2012;http://unfccc.int/files/documentation/submissions_from_parties/application/pdf/australia_ccs_10_may_2012.pdf;pdf
SBSTA;Denmark and the European Commission on behalf of the European Union and its member States;05 March 2012;http://unfccc.int/files/documentation/submissions_from_parties/application/pdf/ccs_eu_denmark_050312_.pdf;pdf
SBSTA;India;20 April 2012;http://unfccc.int/files/documentation/submissions_from_parties/application/pdf/india_submission_on_ccs_20_april_2012.pdf;pdf
SBSTA;Pakistan;06 March 2012;http://unfccc.int/files/documentation/submissions_from_parties/application/pdf/pakistan_6_march_2012_extract.pdf;pdf
SBSTA;Republic of Nauru on behalf of the Alliance of Small Island States;06 March 2012;http://unfccc.int/files/documentation/submissions_from_parties/application/pdf/aosis_submission_on_ccs_060312.pdf;pdf
SBSTA;United States;1 April 2012;http://unfccc.int/files/methods_science/redd/submissions/application/pdf/safeguards_information_recommendations_submission_us_final.pdf;pdf
SBSTA;Colombia;22 September 2011;http://unfccc.int/files/documentation/submissions_from_parties/application/pdf/colombia_nwp.pdf;pdf
SBSTA;Ecuador;8 November 2011;http://unfccc.int/files/documentation/submissions_from_parties/application/pdf/ecuador_for_web.pdf;pdf
SBSTA;El Salvador on behalf of Belize, Guatemala and Honduras;22 September 2011;http://unfccc.int/files/documentation/submissions_from_parties/application/pdf/el_salvador_nwp.pdf;pdf
SBSTA;Pakistan;19 September 2011;http://unfccc.int/files/documentation/submissions_from_parties/application/pdf/pakistan.pdf;pdf
SBSTA;Poland and the European Commission on behalf of the European Union and its member States;20 September 2011;http://unfccc.int/files/documentation/submissions_from_parties/application/pdf/eu_nwp.pdf;pdf
SBSTA;United States;22 September 2011;http://unfccc.int/files/documentation/submissions_from_parties/application/pdf/us_nwp.pdf;pdf
SBSTA;Angola;30 November 2011;http://unfccc.int/files/methods_science/redd/application/pdf/angola_redd_submission.pdf;pdf
SBSTA;Australia;15 September 2011;http://unfccc.int/files/methods_science/redd/application/pdf/australia_redd+_submission.pdf;pdf
SBSTA;Belize, Cameroon, Central African Republic, Costa Rica, Cote d'Ivoire, Democratic Republic of Congo, Dominican Republic, Ecuador, Gabon, Ghana, Guyana, Honduras, Kenya, Panama, Papua New Guinea, Republic of Congo, Solomon Islands, Togo, Uganda;28 September 2011;http://unfccc.int/files/methods_science/redd/application/pdf/final--submission_of_views_sbsta34_reference_levels.pdf;french version
SBSTA;Belize, Cameroon, Central African Republic, Costa Rica, Cote d'Ivoire, Democratic Republic of Congo, Dominican Republic, Ecuador, Gabon, Ghana, Guyana, Honduras, Kenya, Panama, Papua New Guinea, Republic of Congo, Solomon Islands, Togo, Uganda;28 September 2011;http://unfccc.int/files/methods_science/redd/application/pdf/final--submission_of_views_sbsta34_mrv.pdf;french version
SBSTA;Belize, Cameroon, Central African Republic, Costa Rica, Cote d'Ivoire, Democratic Republic of Congo, Dominican Republic, Ecuador, Gabon, Ghana, Guyana, Honduras, Kenya, Panama, Papua New Guinea, Republic of Congo, Solomon Islands, Togo, Uganda;28 September 2011;http://unfccc.int/files/methods_science/redd/application/pdf/final--submission_of_views_sbsta34_safeguards.pdf;french version
SBSTA;Botswana;19 September 2011;http://unfccc.int/files/methods_science/redd/application/pdf/botswana_redd_submission__3_.pdf;pdf
SBSTA;Brazil;29 September 2011;http://unfccc.int/files/methods_science/redd/application/pdf/redd-_submission_sbsta_safeguards_brazil_.pdf;pdf
SBSTA;Colombia on behalf of Colombia and Mexico;1 October 2011;http://unfccc.int/files/methods_science/redd/application/pdf/proposal_sumbission_colombia_me_xico_relsalvaguardas1__01_.pdf;pdf
SBSTA;Costa Rica;19 September 2011;http://unfccc.int/files/methods_science/redd/application/pdf/costa_rica-_submission_on_safeguards_information_system.pdf;pdf
SBSTA;Costa Rica;19 September 2011;http://unfccc.int/files/methods_science/redd/application/pdf/costa_rica-submission_on_guidanc_to_forest_reference_level_and_forest_refrence_emission_level.pdf;pdf
SBSTA;El Salvador on behalf of El Salvador, Honduras, Panama and the Dominican Republic;22 September 2011;http://unfccc.int/files/methods_science/redd/application/pdf/el_salvador_redd_y_reduccion_a_la_pobreza_final_vf_ccad_20092011.pdf;pdf
SBSTA;El Salvador on behalf of El Salvador, Honduras, Panama and the Dominican Republic;22 September 2011;http://unfccc.int/files/methods_science/redd/application/pdf/el_salvador_salvaguardas_redd_final_20092011.pdf;pdf
SBSTA;El Salvador on behalf of El Salvador, Honduras, Panama and the Dominican Republic;22 September 2011;http://unfccc.int/files/methods_science/redd/application/pdf/el_salvador_submission_mrv_redd_final.pdf;pdf
SBSTA;Poland and the European Commission on behalf of the European Union and its member States;19 September 2011;http://unfccc.int/files/methods_science/redd/application/pdf/pl-09-19-_redd+_eu.pdf;pdf
SBSTA;India;16 September 2011;http://unfccc.int/files/methods_science/redd/application/pdf/india_submission_sbsta-19_sept_11.pdf;pdf
SBSTA;Indonesia;28 September 2011;http://unfccc.int/files/methods_science/redd/application/pdf/indonesia_-_submission_sbsta_on_methodological_guidelines__redd.pdf;pdf
SBSTA;Indonesia on behalf of Brunei Darussalam, Cambodia, Indonesia, Lao PDR, Malaysia, Myanmar, Philippines, Singapore, Thailand, Vietnam (ASEAN member states);6 October 2011;http://unfccc.int/files/methods_science/redd/application/pdf/indonesia_-_submission_on_methodological_issue_redd_from__asean.pdf;pdf
SBSTA;Indonesia and Australia;7 December 2011;http://unfccc.int/files/methods_science/redd/application/pdf/111207_sbsta_joint_redd_submission_final.pdf;pdf
SBSTA;Japan;15 September 2011;http://unfccc.int/files/methods_science/redd/application/pdf/sbsta_redd+submission_jp.pdf;pdf
SBSTA;Norway;3 October 2011;http://unfccc.int/files/methods_science/redd/application/pdf/norway_submission_on_redd_031011.pdf;pdf
SBSTA;Philippines;28 September 2011;http://unfccc.int/files/methods_science/redd/application/pdf/philippine_submission_to_redd+_sbsta__(9-19-2011)_ccc.pdf;pdf
SBSTA;Singapore;19 September 2011;http://unfccc.int/files/methods_science/redd/application/pdf/singapore_-_submission_on_safeguards_rl_and_mrv.pdf;pdf
SBSTA;Switzerland;19 September 2011;http://unfccc.int/files/methods_science/redd/application/pdf/submission_of_switzerland_for_sbsta__-_19_sept.pdf;pdf
SBSTA;United States of America;26 September 2011;http://unfccc.int/files/methods_science/redd/application/pdf/sbsta_submission_united_states_final_v2.pdf;pdf
SBSTA;Australia;16 September 2011;http://unfccc.int/files/adaptation/application/pdf/australia.pdf;pdf
SBSTA;Belize, Cameroon, Central African Republic, Costa Rica, Cote d'Ivoire, Democratic Republic of Congo, Dominican Republic, Ecuador, Gabon, Ghana, Guatemala, Guyana, Honduras, Kenya, Panama, Papua New Guinea, Republic of Congo, Solomon Islands, Togo, Uganda;28 September 2011;http://unfccc.int/files/documentation/submissions_from_parties/application/pdf/png_rso.pdf;pdf
SBSTA;Colombia;15 September 2011;http://unfccc.int/files/documentation/submissions_from_parties/application/pdf/colombia_rso.pdf;pdf
SBSTA;Japan;14 September 2011;http://unfccc.int/files/documentation/submissions_from_parties/application/pdf/japan_rso.pdf;pdf
SBSTA;Pakistan;19 September 2011;http://unfccc.int/files/documentation/submissions_from_parties/application/pdf/pakistan_rso.pdf;pdf
SBSTA;Poland and the European Commission on behalf of the European Union and its member States;23 September 2011;http://unfccc.int/files/documentation/submissions_from_parties/application/pdf/eu_rso.pdf;pdf
SBSTA;Australia;16 September 2011;http://unfccc.int/files/documentation/submissions_from_parties/application/pdf/australia_irm_submission.pdf;pdf
SBSTA;Grenada on behalf of AOSIS;12 September 2011;http://unfccc.int/files/documentation/submissions_from_parties/application/pdf/aosis_on_response_measures.pdf;pdf
SBSTA;Pakistan;19 September 2011;http://unfccc.int/files/documentation/submissions_from_parties/application/pdf/pakistan_submissions_to_the_unfccc_response_measures_19_sep.pdf;pdf
SBSTA;Poland and the European Commission on behalf of the European Union and its member States;20 September 2011;http://unfccc.int/files/adaptation/application/pdf/pl-_rm.pdf;pdf
SBSTA;Russian Federation;23 September 2011;http://unfccc.int/files/documentation/submissions_from_parties/application/pdf/russia_response_measures_22_09_2011__unfccc.pdf;pdf
SBSTA;Saudi Arabia;3 October 2011;http://unfccc.int/files/documentation/submissions_from_parties/application/pdf/saudi_arabia_submission_on_forum.pdf;pdf
SBSTA;Singapore;3 October 2011;http://unfccc.int/files/documentation/submissions_from_parties/application/pdf/singapore_2011-10-03_further_submission_on_views.pdf;pdf
SBSTA;Japan;16 September 2011;http://unfccc.int/files/documentation/submissions_from_parties/application/pdf/sub_materiality_japan_160911.pdf;</td> 
SBSTA;Pakistan;19 September 2011;http://unfccc.int/files/documentation/submissions_from_parties/application/pdf/pakistan_submissions_materiality_190911.pdf;pdf
SBSTA;Poland and the European Commission on behalf of the European Union and its member States;30 September 2011;http://unfccc.int/files/documentation/submissions_from_parties/application/pdf/poland_eu_materiality_in_cdm_300911.pdf;pdf
SBSTA;Algeria;27 February 2011;http://unfccc.int/files/methods_and_science/application/pdf/algerie_submission_fie_270211.pdf;pdf
SBSTA;Brazil;29 March 2011;http://unfccc.int/files/documentation/submissions_from_parties/application/pdf/brazil_fie_290311.pdf;pdf
SBSTA;China;30 March 2011;http://unfccc.int/files/documentation/submissions_from_parties/application/pdf/china_submission_fie_300311.pdf;pdf
SBSTA;Ethiopia;11 June 2011;http://unfccc.int/files/documentation/submissions_from_parties/application/pdf/ethiopia_submission_fie_110611.pdf;pdf
SBSTA;Hungary and the European Commission on behalf of the European Union and its member States;23 March 2011;http://unfccc.int/files/documentation/submissions_from_parties/application/pdf/eu_hungary_submission_fie_230311_.pdf;pdf
SBSTA;India;22 March 2011;http://unfccc.int/files/documentation/submissions_from_parties/application/pdf/india_submission_fie_220311.pdf;pdf
SBSTA;Japan;05 April 2011;http://unfccc.int/files/documentation/submissions_from_parties/application/pdf/japan_submission_fie_050411.pdf;pdf
SBSTA;Sri Lanka;25 March 2011;http://unfccc.int/files/documentation/submissions_from_parties/application/pdf/sri_lanka_submission_fie_250311.pdf;pdf
SBSTA;Australia;21 February 2011;http://unfccc.int/files/methods_and_science/application/pdf/australia_submission_on_ccs_in_cdm_010311.pdf;pdf
SBSTA;Grenada on behalf of the Alliance of Small Island States;28 February 2011;http://unfccc.int/files/methods_and_science/application/pdf/grenada_aosis_submission_on_ccs_in_cdm_280211.pdf;pdf
SBSTA;Hungary and the European Commission on behalf of the European Union and its member States;15 February 2011;http://unfccc.int/files/methods_and_science/application/pdf/hungary_eu_submission_ccs_in_cdm_150211.pdf;pdf
SBSTA;Indonesia;22 February 2011;http://unfccc.int/files/methods_and_science/application/pdf/indonesia_submission_ccs_in_cdm_220211.pdf;pdf
SBSTA;Japan;30 March 2011;http://unfccc.int/files/documentation/submissions_from_parties/application/pdf/japan_submission_ccs_300311.pdf;pdf
SBSTA;Norway;22 February 2011;http://unfccc.int/files/methods_and_science/application/pdf/norway_submission_ccs_in_cdm_220211.pdf;pdf
SBSTA;Qatar;22 February 2011;http://unfccc.int/files/methods_and_science/application/pdf/qatar_submission_ccs_in_cdm_220211.pdf;pdf
SBSTA;Saudi Arabia;17 February 2011;http://unfccc.int/files/methods_and_science/application/pdf/saudi_arabia_submission_css_in_dm_210211.pdf;pdf
SBSTA;United Arab Emirates;21 February 2011;http://unfccc.int/files/methods_and_science/application/pdf/uae_submission_on_ccs_in_cdm_20110221.pdf;pdf
SBSTA;United States of America* * Party to the Convention and observer State to the Kyoto Protocol;24 February 2011;http://unfccc.int/files/methods_and_science/application/pdf/usa_submission_on_ccs_in_cdm_240211.pdf;pdf
SBSTA;Sri Lanka;01 February 2011;http://unfccc.int/files/documentation/submissions_from_parties/application/pdf/sri_lanka_for_web.pdf;pdf
SBSTA;Uzbekistan;01 March 2011;http://unfccc.int/files/documentation/submissions_from_parties/application/pdf/uzbekistan_for_web.pdf;pdf
SBSTA;Australia;24 February 2011;http://unfccc.int/files/adaptation/implementing_adaptation/application/pdf/australia_submission_article_2-3_and_3-14.pdf;pdf
SBSTA;China;26 February 2011;http://unfccc.int/files/adaptation/application/pdf/china_submission_article_2-3_and_3-14_.pdf;pdf
SBSTA;Colombia;21 February 2011;http://unfccc.int/files/adaptation/application/pdf/colombia_submission_article_2-3_and_3-14_.pdf;pdf
SBSTA;Grenada on behalf of the Alliance of Small Island States;12 April 2011;http://unfccc.int/files/documentation/submissions_from_parties/application/pdf/grenada_aosis_article_2_3_3_14.pdf;pdf
SBSTA;Hungary and the European Commission on behalf of the European Union and its member States;15 February 2011;http://unfccc.int/files/adaptation/application/pdf/hungary_eu__submission_article_2-3_and_3-14.pdf;pdf
SBSTA;Pakistan;19 February 2011;http://unfccc.int/files/adaptation/application/pdf/pakistan_submission_article_2-3_and_3-14_.pdf;pdf
SBSTA;Qatar;21 February 2011;http://unfccc.int/files/adaptation/application/pdf/qatar_submission_article_2-3_and_3-14_.pdf;pdf
SBSTA;Saudi Arabia;21 February 2011;http://unfccc.int/files/adaptation/application/pdf/saudi_arabia_submission_article_2-3_and_3-14_.pdf;pdf
SBSTA;Uzbekistan;01 March 2011;http://unfccc.int/files/adaptation/application/pdf/uzbekistan_submission_article_2-3_and_3-14_.pdf;pdf
SBSTA;China;30 March 2011;http://unfccc.int/files/documentation/submissions_from_parties/application/pdf/china_materiality_submission_300311.pdf;pdf
SBSTA;Grenada on behalf of the Alliance of Small Island States;12 April 2011;http://unfccc.int/files/documentation/submissions_from_parties/application/pdf/aosis_submission_on_materiality_120411.pdf;</td> 
SBSTA;Hungary and the European Commission on behalf of the European Union and its member States;23 March 2011;http://unfccc.int/files/documentation/submissions_from_parties/application/pdf/eu_hungary_materiality_submission_230311.pdf;pdf
SBSTA;Australia;28 March 2011;http://unfccc.int/files/documentation/submissions_from_parties/application/pdf/australia_nwp.pdf;pdf
SBSTA;Grenada on behalf of the Alliance of Small Island States;12 April 2011;http://unfccc.int/files/documentation/submissions_from_parties/application/pdf/aosis_nwp.pdf;pdf
SBSTA;Hungary and the European Commission on behalf of the European Union and its member States;16 March 2011;http://unfccc.int/files/adaptation/application/pdf/hungary_eu_nwp.pdf;pdf
SBSTA;Japan;25 February 2011;http://unfccc.int/files/adaptation/application/pdf/japan_nwp.pdf;pdf
SBSTA;Sri Lanka;28 March 2011;http://unfccc.int/files/documentation/submissions_from_parties/application/pdf/sri_lanka_nwp.pdf;pdf
SBSTA;Uzbekistan;25 March 2011;http://unfccc.int/files/documentation/submissions_from_parties/application/pdf/uzbekistan_nwp.pdf;pdf
SBSTA;Algeria;27 March 2011;http://unfccc.int/files/documentation/submissions_from_parties/application/pdf/algeria_rm.pdf;pdf
SBSTA;Australia;28 March 2011;http://unfccc.int/files/documentation/submissions_from_parties/application/pdf/australia_rm.pdf;pdf
SBSTA;China;30 March 2011;http://unfccc.int/files/documentation/submissions_from_parties/application/pdf/china_rm.pdf;pdf
SBSTA;Grenada on behalf of the Alliance of Small Island States;12 April 2011;http://unfccc.int/files/adaptation/application/pdf/grenada_for_aosis_rm.pdf;pdf
SBSTA;Hungary and the European Commission on behalf of the European Union and its member States;16 March 2011;http://unfccc.int/files/documentation/submissions_from_parties/application/pdf/hungary_eu_rm.pdf;pdf
SBSTA;Russian Federation;30 March 2011;http://unfccc.int/files/documentation/submissions_from_parties/application/pdf/russian_federation_rm.pdf;pdf
SBSTA;Saudi Arabia;17 February 2011;http://unfccc.int/files/adaptation/application/pdf/saudi_arabia_rm.pdf;pdf
SBSTA;Singapore;18 March 2011;http://unfccc.int/files/documentation/submissions_from_parties/application/pdf/signapore_submission_on_rm_18_march_2011.pdf;pdf
SBSTA;Uzbekistan;25 March 2011;http://unfccc.int/files/documentation/submissions_from_parties/application/pdf/uzbekistan_rm_250311.pdf;pdf
SBSTA; </tbody> </table> <table border="0" cellspacing="1" cellpadding="7" width="99%" bgcolor="#CCCCCC"> <tbody>India;7 April 2011;http://unfccc.int/files/documentation/submissions_from_parties/application/pdf/india_submission_reddplus-strategy.pdf;pdf
